,loss,accuracy,val_loss,val_accuracy
0,0.14983901381492615,0.9690408110618591,0.14045323431491852,0.9753060936927795
1,0.10372129827737808,0.9812262058258057,0.1301778256893158,0.9773390889167786
2,0.09813400357961655,0.9819421768188477,0.13226158916950226,0.9761067628860474
3,0.09407859295606613,0.9824370741844177,0.12919943034648895,0.977292001247406
4,0.09091586619615555,0.9828860759735107,0.12901709973812103,0.977103590965271
5,0.08838377147912979,0.9829881191253662,0.13175611197948456,0.9756985902786255
6,0.08625621348619461,0.9832397699356079,0.12552756071090698,0.9770565032958984
7,0.08386781811714172,0.9834914803504944,0.12786395847797394,0.9765462875366211
8,0.08209612965583801,0.9836581349372864,0.1275653839111328,0.9774803519248962
9,0.08093338459730148,0.983884334564209,0.12536007165908813,0.9768838286399841
10,0.07924355566501617,0.9840935468673706,0.12630651891231537,0.9772056341171265
11,0.07770740240812302,0.9843588471412659,0.1280706822872162,0.976452112197876
12,0.07640312612056732,0.9842516779899597,0.12375465035438538,0.9778571724891663
13,0.07483915984630585,0.9843775629997253,0.13055704534053802,0.9759418964385986
14,0.07389631867408752,0.9847142696380615,0.14071153104305267,0.9724254608154297
15,0.07260604202747345,0.9849302768707275,0.1327570080757141,0.975109875202179
16,0.0716012716293335,0.9849268794059753,0.12848727405071259,0.9763736128807068
17,0.11714071780443192,0.9774030447006226,0.42120790481567383,0.9628100395202637
18,0.4228784143924713,0.9314982891082764,0.44885754585266113,0.9262087941169739
19,0.18193890154361725,0.9562278985977173,0.15648441016674042,0.9682496190071106
20,0.09782327711582184,0.9784166812896729,0.1306103616952896,0.9760674834251404
21,0.07657213509082794,0.9837228059768677,0.1263498216867447,0.9772762656211853
22,0.07105875015258789,0.9848520159721375,0.12754720449447632,0.9767425656318665
23,0.06973183900117874,0.9850628972053528,0.13368266820907593,0.9753610491752625
24,0.0685916617512703,0.9852142930030823,0.1299474686384201,0.9756436347961426
25,0.0676003023982048,0.9851955771446228,0.1308842897415161,0.9756357669830322
26,0.06659086793661118,0.9852687120437622,0.13288556039333344,0.9758477210998535
27,0.06562698632478714,0.9854949116706848,0.13201428949832916,0.9758320450782776
